id;first_name;last_name;password;last_active;status;created_by;created_at;updated_by;updated_at;user_email;is_deleted
1;Morgan;Blanda;standardization Mandatory;2023-04-27T09:41:32;architecture;59815;2023-04-26T15:55:39;70377;2023-04-27T04:32:00;and Wyoming;false
2;Nyah;Mertz;Planner;2023-04-26T20:45:28;Factors ivory;61669;2023-04-26T19:25:35;46176;2023-04-27T12:04:09;indigo Self-enabling Optimized;true
3;Anna;West;pixel;2023-04-27T13:21:47;solutions;70361;2023-04-26T18:38:25;25274;2023-04-26T21:23:59;reintermediate Dynamic;false
4;Tressie;Lesch;calculating;2023-04-27T12:19:32;database;42150;2023-04-26T18:44:00;96425;2023-04-27T03:22:25;Officer;false
5;Arnoldo;Moore;IB Soap overriding;2023-04-26T17:29:01;white e-commerce navigate;84706;2023-04-27T02:10:24;61186;2023-04-26T17:31:28;payment open-source;false
6;Aron;Brekke;Parkways invoice;2023-04-27T04:40:24;Universal Salad haptic;92419;2023-04-26T22:49:03;75174;2023-04-27T11:22:24;Corporate;false
7;Darrion;Lakin;Shirt Tools;2023-04-26T20:59:01;Account Oklahoma up;17747;2023-04-27T01:20:55;39144;2023-04-26T20:11:00;Bedfordshire;true
8;Amir;Bechtelar;experiences;2023-04-27T04:30:58;e-business Bike wireless;92626;2023-04-27T13:07:02;35393;2023-04-26T21:25:48;Associate Account;false
9;Madonna;Terry;Communications feed Self-enabling;2023-04-27T02:42:47;Response alliance Technician;38498;2023-04-27T09:53:01;4493;2023-04-26T20:21:08;repurpose generate;false
10;Ethyl;Macejkovic;program Pants driver;2023-04-27T07:18:10;Connecticut Ball world-class;70060;2023-04-27T07:18:58;67631;2023-04-27T08:25:23;Optimization;false
