id;country;company_address;organization;expected_no_of_users;created_at
1;Gabon;evolve benchmark;Loan payment;59510;2023-04-27T05:23:21
2;Solomon Islands;Rue;Generic Customizable International;21835;2023-04-27T08:19:47
3;Netherlands Antilles;Security Executive Analyst;optical Integrated;94750;2023-04-27T10:16:30
4;Barbados;Corporate;Metal Automotive;99118;2023-04-27T00:09:07
5;Martinique;Quality;Wyoming Central;29948;2023-04-26T16:47:30
6;Liberia;Towels Tuna architecture;Philippines;30223;2023-04-26T16:43:26
7;Comoros;deposit China;relationships monetize next-generation;34325;2023-04-27T04:40:15
8;Guam;Concrete Synergized;Central Investment Extensions;32700;2023-04-27T11:48:49
9;El Salvador;Mouse magnetic SCSI;Account definition Computer;312;2023-04-26T19:23:51
10;Moldova;morph;local;36773;2023-04-27T12:19:47
