id;name;description;created_at;created_by;updated_at;updated_by
1;Croatian driver e-services;transmit virtual;2023-04-27T06:58:47;44452;2023-04-26T18:06:05;98133
2;Auto Gloves backing;transmitter Virginia;2023-04-27T06:41:30;53455;2023-04-27T01:32:22;81156
3;turquoise;program Garden Steel;2023-04-27T04:24:37;94809;2023-04-27T13:18:41;96896
4;Pizza;Music Buckinghamshire;2023-04-27T13:23:35;62387;2023-04-27T00:03:57;81467
5;SQL South out-of-the-box;methodologies Haiti Intranet;2023-04-26T19:12:29;38935;2023-04-27T07:16:28;29696
6;Triple-buffered;Computers Officer Sharable;2023-04-27T07:57:29;43038;2023-04-27T06:22:34;558
7;Functionality reboot payment;Buckinghamshire;2023-04-27T04:16:30;52590;2023-04-26T22:36:04;46818
8;integrated Awesome zero;Monaco program Georgia;2023-04-27T09:58:59;64021;2023-04-27T09:51:00;85800
9;state payment;Markets Intelligent Orchestrator;2023-04-26T17:13:39;70395;2023-04-27T09:49:51;88171
10;Shoes Upgradable;program engineer Motorway;2023-04-27T05:06:55;7011;2023-04-26T18:30:20;39970
